,species,site,season,count
1,1,0,1,NA
2,2,0,1,NA
3,1,1,1,NA
4,2,1,1,NA
5,1,2,1,NA
6,2,2,1,NA
7,1,3,1,NA
8,2,3,1,NA
9,1,4,1,NA
10,2,4,1,NA
11,1,5,1,NA
12,2,5,1,NA
13,1,6,1,NA
14,2,6,1,NA
15,1,7,1,NA
16,2,7,1,NA
17,1,8,1,NA
18,2,8,1,NA
19,1,9,1,NA
20,2,9,1,NA
21,1,10,1,NA
22,2,10,1,NA
23,1,11,1,NA
24,2,11,1,NA
25,1,12,1,NA
26,2,12,1,NA
27,1,13,1,NA
28,2,13,1,NA
29,1,14,1,NA
30,2,14,1,NA
31,1,15,1,NA
32,2,15,1,NA
33,1,16,1,NA
34,2,16,1,NA
35,1,17,1,NA
36,2,17,1,NA
37,1,18,1,NA
38,2,18,1,NA
39,1,19,1,NA
40,2,19,1,NA
41,1,20,1,NA
42,2,20,1,NA
43,1,21,1,NA
44,2,21,1,NA
45,1,22,1,NA
46,2,22,1,NA
47,1,23,1,NA
48,2,23,1,NA
49,1,24,1,NA
50,2,24,1,NA
51,1,25,1,NA
52,2,25,1,NA
53,1,26,1,NA
54,2,26,1,NA
55,1,27,1,NA
56,2,27,1,NA
57,1,28,1,NA
58,2,28,1,NA
59,1,29,1,NA
60,2,29,1,NA
61,1,30,1,NA
62,2,30,1,NA
63,1,31,1,NA
64,2,31,1,NA
65,1,32,1,NA
66,2,32,1,NA
67,1,33,1,NA
68,2,33,1,NA
69,1,34,1,NA
70,2,34,1,NA
71,1,35,1,NA
72,2,35,1,NA
73,1,36,1,NA
74,2,36,1,NA
75,1,37,1,NA
76,2,37,1,NA
77,1,38,1,NA
78,2,38,1,NA
79,1,39,1,NA
80,2,39,1,NA
81,1,40,1,NA
82,2,40,1,NA
83,1,41,1,NA
84,2,41,1,NA
85,1,42,1,NA
86,2,42,1,NA
87,1,43,1,NA
88,2,43,1,NA
89,1,44,1,NA
90,2,44,1,NA
91,1,45,1,NA
92,2,45,1,NA
93,1,46,1,NA
94,2,46,1,NA
95,1,47,1,NA
96,2,47,1,NA
97,1,48,1,NA
98,2,48,1,NA
99,1,49,1,NA
100,2,49,1,NA
101,1,50,1,NA
102,2,50,1,NA
103,1,51,1,NA
104,2,51,1,NA
105,1,52,1,NA
106,2,52,1,NA
107,1,53,1,NA
108,2,53,1,NA
109,1,54,1,NA
110,2,54,1,NA
111,1,55,1,NA
112,2,55,1,NA
113,1,56,1,NA
114,2,56,1,NA
115,1,57,1,NA
116,2,57,1,NA
117,1,58,1,NA
118,2,58,1,NA
119,1,59,1,NA
120,2,59,1,NA
121,1,60,1,NA
122,2,60,1,NA
123,1,61,1,NA
124,2,61,1,NA
125,1,62,1,NA
126,2,62,1,NA
127,1,63,1,NA
128,2,63,1,NA
129,1,64,1,NA
130,2,64,1,NA
131,1,65,1,NA
132,2,65,1,NA
133,1,66,1,NA
134,2,66,1,NA
135,1,67,1,NA
136,2,67,1,NA
137,1,68,1,NA
138,2,68,1,NA
139,1,69,1,NA
140,2,69,1,NA
141,1,70,1,NA
142,2,70,1,NA
143,1,71,1,NA
144,2,71,1,NA
145,1,72,1,NA
146,2,72,1,NA
147,1,73,1,NA
148,2,73,1,NA
149,1,74,1,NA
150,2,74,1,NA
151,1,75,1,NA
152,2,75,1,NA
153,1,76,1,NA
154,2,76,1,NA
155,1,77,1,NA
156,2,77,1,NA
157,1,78,1,NA
158,2,78,1,NA
159,1,79,1,NA
160,2,79,1,NA
161,1,80,1,NA
162,2,80,1,NA
163,1,81,1,NA
164,2,81,1,NA
165,1,82,1,NA
166,2,82,1,NA
167,1,83,1,NA
168,2,83,1,NA
169,1,84,1,NA
170,2,84,1,NA
171,1,85,1,NA
172,2,85,1,NA
173,1,87,1,NA
174,2,87,1,NA
175,1,88,1,NA
176,2,88,1,NA
177,1,89,1,NA
178,2,89,1,NA
179,1,90,1,NA
180,2,90,1,NA
181,1,91,1,NA
182,2,91,1,NA
183,1,92,1,NA
184,2,92,1,NA
185,1,93,1,NA
186,2,93,1,NA
187,1,94,1,NA
188,2,94,1,NA
189,1,95,1,NA
190,2,95,1,NA
191,1,96,1,NA
192,2,96,1,NA
193,1,97,1,NA
194,2,97,1,NA
195,1,98,1,NA
196,2,98,1,NA
197,1,99,1,NA
198,2,99,1,NA
199,1,100,1,NA
200,2,100,1,NA
201,1,101,1,NA
202,2,101,1,NA
203,1,102,1,NA
204,2,102,1,NA
205,1,103,1,NA
206,2,103,1,NA
207,1,104,1,NA
208,2,104,1,NA
209,1,105,1,NA
210,2,105,1,NA
211,1,106,1,NA
212,2,106,1,NA
213,1,107,1,NA
214,2,107,1,NA
215,1,108,1,NA
216,2,108,1,NA
217,1,109,1,NA
218,2,109,1,NA
219,1,110,1,NA
220,2,110,1,NA
221,1,111,1,NA
222,2,111,1,NA
223,1,112,1,NA
224,2,112,1,NA
225,1,113,1,NA
226,2,113,1,NA
227,1,114,1,NA
228,2,114,1,NA
229,1,115,1,NA
230,2,115,1,NA
231,1,116,1,NA
232,2,116,1,NA
233,1,117,1,NA
234,2,117,1,NA
235,1,118,1,NA
236,2,118,1,NA
237,1,119,1,NA
238,2,119,1,NA
239,1,120,1,NA
240,2,120,1,NA
241,1,121,1,NA
242,2,121,1,NA
243,1,122,1,NA
244,2,122,1,NA
245,1,123,1,NA
246,2,123,1,NA
247,1,124,1,NA
248,2,124,1,NA
249,1,125,1,NA
250,2,125,1,NA
251,1,126,1,NA
252,2,126,1,NA
253,1,127,1,NA
254,2,127,1,NA
255,1,128,1,NA
256,2,128,1,NA
257,1,129,1,NA
258,2,129,1,NA
259,1,130,1,NA
260,2,130,1,NA
261,1,131,1,NA
262,2,131,1,NA
263,1,132,1,NA
264,2,132,1,NA
265,1,133,1,NA
266,2,133,1,NA
267,1,134,1,NA
268,2,134,1,NA
269,1,135,1,NA
270,2,135,1,NA
271,1,136,1,NA
272,2,136,1,NA
273,1,137,1,NA
274,2,137,1,NA
275,1,138,1,NA
276,2,138,1,NA
277,1,139,1,NA
278,2,139,1,NA
279,1,140,1,NA
280,2,140,1,NA
281,1,141,1,NA
282,2,141,1,NA
283,1,142,1,NA
284,2,142,1,NA
285,1,143,1,NA
286,2,143,1,NA
287,1,144,1,NA
288,2,144,1,NA
289,1,145,1,NA
290,2,145,1,NA
291,1,146,1,NA
292,2,146,1,NA
293,1,147,1,NA
294,2,147,1,NA
295,1,148,1,NA
296,2,148,1,NA
297,1,149,1,NA
298,2,149,1,NA
299,1,150,1,NA
300,2,150,1,NA
301,1,151,1,NA
302,2,151,1,NA
303,1,152,1,NA
304,2,152,1,NA
305,1,153,1,NA
306,2,153,1,NA
307,1,154,1,NA
308,2,154,1,NA
309,1,155,1,NA
310,2,155,1,NA
311,1,156,1,NA
312,2,156,1,NA
313,1,157,1,NA
314,2,157,1,NA
315,1,158,1,NA
316,2,158,1,NA
317,1,159,1,NA
318,2,159,1,NA
319,1,160,1,NA
320,2,160,1,NA
321,1,161,1,NA
322,2,161,1,NA
323,1,162,1,NA
324,2,162,1,NA
325,1,163,1,NA
326,2,163,1,NA
327,1,164,1,NA
328,2,164,1,NA
329,1,165,1,NA
330,2,165,1,NA
331,1,166,1,NA
332,2,166,1,NA
333,1,167,1,NA
334,2,167,1,NA
335,1,168,1,NA
336,2,168,1,NA
337,1,169,1,NA
338,2,169,1,NA
339,1,170,1,NA
340,2,170,1,NA
341,1,171,1,NA
342,2,171,1,NA
343,1,172,1,NA
344,2,172,1,NA
345,1,173,1,NA
346,2,173,1,NA
347,1,174,1,NA
348,2,174,1,NA
349,1,175,1,NA
350,2,175,1,NA
351,1,176,1,NA
352,2,176,1,NA
353,1,177,1,NA
354,2,177,1,NA
355,1,178,1,NA
356,2,178,1,NA
357,1,180,1,NA
358,2,180,1,NA
359,1,181,1,NA
360,2,181,1,NA
361,1,182,1,NA
362,2,182,1,NA
363,1,183,1,NA
364,2,183,1,NA
365,1,184,1,NA
366,2,184,1,NA
367,1,185,1,NA
368,2,185,1,NA
369,1,186,1,NA
370,2,186,1,NA
371,1,187,1,NA
372,2,187,1,NA
373,1,188,1,NA
374,2,188,1,NA
375,1,189,1,NA
376,2,189,1,NA
377,1,190,1,NA
378,2,190,1,NA
379,1,191,1,NA
380,2,191,1,NA
381,1,192,1,NA
382,2,192,1,NA
383,1,193,1,NA
384,2,193,1,NA
385,1,194,1,NA
386,2,194,1,NA
387,1,195,1,NA
388,2,195,1,NA
389,1,196,1,NA
390,2,196,1,NA
391,1,197,1,NA
392,2,197,1,NA
393,1,198,1,NA
394,2,198,1,NA
395,1,199,1,NA
396,2,199,1,NA
397,1,200,1,NA
398,2,200,1,NA
399,1,201,1,NA
400,2,201,1,NA
401,1,202,1,NA
402,2,202,1,NA
403,1,203,1,NA
404,2,203,1,NA
405,1,204,1,NA
406,2,204,1,NA
407,1,205,1,NA
408,2,205,1,NA
409,1,206,1,NA
410,2,206,1,NA
411,1,207,1,NA
412,2,207,1,NA
413,1,208,1,NA
414,2,208,1,NA
415,1,209,1,0
416,2,209,1,3
417,1,210,1,NA
418,2,210,1,NA
419,1,211,1,0
420,2,211,1,1
421,1,212,1,NA
422,2,212,1,NA
423,1,213,1,1
424,2,213,1,1
425,1,214,1,8
426,2,214,1,15
427,1,215,1,0
428,2,215,1,4
429,1,216,1,1
430,2,216,1,2
431,1,217,1,NA
432,2,217,1,NA
433,1,218,1,NA
434,2,218,1,NA
435,1,219,1,1
436,2,219,1,2
437,1,220,1,NA
438,2,220,1,NA
439,1,221,1,NA
440,2,221,1,NA
441,1,222,1,NA
442,2,222,1,NA
443,1,223,1,NA
444,2,223,1,NA
445,1,224,1,NA
446,2,224,1,NA
447,1,225,1,NA
448,2,225,1,NA
449,1,226,1,NA
450,2,226,1,NA
451,1,227,1,NA
452,2,227,1,NA
453,1,228,1,NA
454,2,228,1,NA
455,1,229,1,NA
456,2,229,1,NA
457,1,230,1,NA
458,2,230,1,NA
459,1,231,1,NA
460,2,231,1,NA
461,1,232,1,NA
462,2,232,1,NA
463,1,233,1,1
464,2,233,1,1
465,1,234,1,NA
466,2,234,1,NA
467,1,235,1,NA
468,2,235,1,NA
469,1,236,1,NA
470,2,236,1,NA
471,1,237,1,NA
472,2,237,1,NA
473,1,238,1,NA
474,2,238,1,NA
475,1,239,1,NA
476,2,239,1,NA
477,1,240,1,NA
478,2,240,1,NA
479,1,241,1,NA
480,2,241,1,NA
481,1,242,1,NA
482,2,242,1,NA
483,1,243,1,5
484,2,243,1,10
485,1,244,1,NA
486,2,244,1,NA
487,1,245,1,NA
488,2,245,1,NA
489,1,246,1,NA
490,2,246,1,NA
491,1,247,1,7
492,2,247,1,7
493,1,248,1,19
494,2,248,1,37
495,1,249,1,NA
496,2,249,1,NA
497,1,250,1,NA
498,2,250,1,NA
499,1,251,1,NA
500,2,251,1,NA
501,1,252,1,NA
502,2,252,1,NA
503,1,253,1,2
504,2,253,1,4
505,1,254,1,NA
506,2,254,1,NA
507,1,255,1,NA
508,2,255,1,NA
509,1,256,1,NA
510,2,256,1,NA
511,1,257,1,NA
512,2,257,1,NA
513,1,258,1,NA
514,2,258,1,NA
515,1,259,1,5
516,2,259,1,5
517,1,260,1,NA
518,2,260,1,NA
519,1,261,1,NA
520,2,261,1,NA
521,1,262,1,NA
522,2,262,1,NA
523,1,263,1,NA
524,2,263,1,NA
525,1,264,1,NA
526,2,264,1,NA
527,1,265,1,5
528,2,265,1,5
529,1,266,1,0
530,2,266,1,1
531,1,267,1,NA
532,2,267,1,NA
533,1,268,1,NA
534,2,268,1,NA
535,1,269,1,NA
536,2,269,1,NA
537,1,270,1,NA
538,2,270,1,NA
539,1,271,1,1
540,2,271,1,3
541,1,272,1,7
542,2,272,1,8
543,1,273,1,NA
544,2,273,1,NA
545,1,274,1,4
546,2,274,1,4
547,1,275,1,NA
548,2,275,1,NA
549,1,276,1,NA
550,2,276,1,NA
551,1,277,1,NA
552,2,277,1,NA
553,1,278,1,1
554,2,278,1,2
555,1,279,1,1
556,2,279,1,1
557,1,280,1,1
558,2,280,1,1
559,1,281,1,3
560,2,281,1,22
561,1,282,1,34
562,2,282,1,46
563,1,283,1,NA
564,2,283,1,NA
565,1,284,1,NA
566,2,284,1,NA
567,1,285,1,NA
568,2,285,1,NA
569,1,286,1,NA
570,2,286,1,NA
571,1,287,1,9
572,2,287,1,15
573,1,288,1,3
574,2,288,1,7
575,1,289,1,NA
576,2,289,1,NA
577,1,290,1,1
578,2,290,1,1
579,1,291,1,NA
580,2,291,1,NA
581,1,292,1,NA
582,2,292,1,NA
583,1,293,1,1
584,2,293,1,2
585,1,295,1,NA
586,2,295,1,NA
587,1,296,1,NA
588,2,296,1,NA
589,1,297,1,0
590,2,297,1,1
591,1,298,1,NA
592,2,298,1,NA
593,1,299,1,NA
594,2,299,1,NA
595,1,300,1,NA
596,2,300,1,NA
597,1,301,1,NA
598,2,301,1,NA
599,1,303,1,1
600,2,303,1,1
601,1,304,1,NA
602,2,304,1,NA
603,1,305,1,NA
604,2,305,1,NA
605,1,306,1,NA
606,2,306,1,NA
607,1,307,1,NA
608,2,307,1,NA
609,1,308,1,NA
610,2,308,1,NA
611,1,309,1,NA
612,2,309,1,NA
613,1,310,1,NA
614,2,310,1,NA
615,1,311,1,NA
616,2,311,1,NA
617,1,312,1,NA
618,2,312,1,NA
619,1,313,1,NA
620,2,313,1,NA
621,1,314,1,NA
622,2,314,1,NA
623,1,315,1,NA
624,2,315,1,NA
625,1,316,1,NA
626,2,316,1,NA
627,1,317,1,NA
628,2,317,1,NA
629,1,318,1,NA
630,2,318,1,NA
631,1,319,1,NA
632,2,319,1,NA
633,1,320,1,NA
634,2,320,1,NA
635,1,321,1,2
636,2,321,1,2
637,1,322,1,NA
638,2,322,1,NA
639,1,323,1,NA
640,2,323,1,NA
641,1,324,1,1
642,2,324,1,1
643,1,325,1,NA
644,2,325,1,NA
645,1,326,1,7
646,2,326,1,7
647,1,327,1,NA
648,2,327,1,NA
649,1,328,1,NA
650,2,328,1,NA
651,1,329,1,NA
652,2,329,1,NA
653,1,330,1,NA
654,2,330,1,NA
655,1,331,1,NA
656,2,331,1,NA
657,1,332,1,NA
658,2,332,1,NA
659,1,333,1,NA
660,2,333,1,NA
661,1,334,1,NA
662,2,334,1,NA
663,1,335,1,NA
664,2,335,1,NA
665,1,336,1,NA
666,2,336,1,NA
667,1,337,1,NA
668,2,337,1,NA
669,1,338,1,NA
670,2,338,1,NA
671,1,340,1,NA
672,2,340,1,NA
673,1,341,1,NA
674,2,341,1,NA
675,1,342,1,NA
676,2,342,1,NA
677,1,343,1,NA
678,2,343,1,NA
679,1,344,1,NA
680,2,344,1,NA
681,1,345,1,NA
682,2,345,1,NA
683,1,346,1,NA
684,2,346,1,NA
685,1,347,1,NA
686,2,347,1,NA
687,1,348,1,NA
688,2,348,1,NA
689,1,349,1,NA
690,2,349,1,NA
691,1,350,1,NA
692,2,350,1,NA
693,1,351,1,NA
694,2,351,1,NA
695,1,352,1,NA
696,2,352,1,NA
697,1,353,1,NA
698,2,353,1,NA
699,1,354,1,NA
700,2,354,1,NA
701,1,355,1,NA
702,2,355,1,NA
703,1,356,1,NA
704,2,356,1,NA
705,1,357,1,NA
706,2,357,1,NA
707,1,358,1,NA
708,2,358,1,NA
709,1,359,1,NA
710,2,359,1,NA
711,1,360,1,NA
712,2,360,1,NA
713,1,361,1,1
714,2,361,1,1
715,1,362,1,NA
716,2,362,1,NA
717,1,363,1,NA
718,2,363,1,NA
719,1,364,1,NA
720,2,364,1,NA
721,1,365,1,NA
722,2,365,1,NA
723,1,366,1,NA
724,2,366,1,NA
725,1,367,1,NA
726,2,367,1,NA
727,1,368,1,1
728,2,368,1,6
729,1,369,1,NA
730,2,369,1,NA
731,1,370,1,NA
732,2,370,1,NA
733,1,371,1,NA
734,2,371,1,NA
735,1,372,1,NA
736,2,372,1,NA
737,1,373,1,NA
738,2,373,1,NA
739,1,374,1,NA
740,2,374,1,NA
741,1,375,1,NA
742,2,375,1,NA
743,1,376,1,NA
744,2,376,1,NA
745,1,377,1,NA
746,2,377,1,NA
747,1,378,1,NA
748,2,378,1,NA
749,1,379,1,NA
750,2,379,1,NA
751,1,380,1,NA
752,2,380,1,NA
753,1,381,1,5
754,2,381,1,6
755,1,382,1,NA
756,2,382,1,NA
757,1,0,2,NA
758,2,0,2,NA
759,1,1,2,NA
760,2,1,2,NA
761,1,2,2,NA
762,2,2,2,NA
763,1,3,2,NA
764,2,3,2,NA
765,1,4,2,6
766,2,4,2,10
767,1,5,2,NA
768,2,5,2,NA
769,1,6,2,NA
770,2,6,2,NA
771,1,7,2,NA
772,2,7,2,NA
773,1,8,2,NA
774,2,8,2,NA
775,1,9,2,NA
776,2,9,2,NA
777,1,10,2,NA
778,2,10,2,NA
779,1,11,2,0
780,2,11,2,1
781,1,12,2,NA
782,2,12,2,NA
783,1,13,2,NA
784,2,13,2,NA
785,1,14,2,NA
786,2,14,2,NA
787,1,15,2,11
788,2,15,2,16
789,1,16,2,NA
790,2,16,2,NA
791,1,17,2,NA
792,2,17,2,NA
793,1,18,2,NA
794,2,18,2,NA
795,1,19,2,NA
796,2,19,2,NA
797,1,20,2,NA
798,2,20,2,NA
799,1,21,2,NA
800,2,21,2,NA
801,1,22,2,NA
802,2,22,2,NA
803,1,23,2,NA
804,2,23,2,NA
805,1,24,2,NA
806,2,24,2,NA
807,1,25,2,NA
808,2,25,2,NA
809,1,26,2,NA
810,2,26,2,NA
811,1,27,2,NA
812,2,27,2,NA
813,1,28,2,NA
814,2,28,2,NA
815,1,29,2,NA
816,2,29,2,NA
817,1,30,2,NA
818,2,30,2,NA
819,1,31,2,NA
820,2,31,2,NA
821,1,32,2,NA
822,2,32,2,NA
823,1,33,2,NA
824,2,33,2,NA
825,1,34,2,NA
826,2,34,2,NA
827,1,35,2,7
828,2,35,2,27
829,1,36,2,2
830,2,36,2,3
831,1,37,2,45
832,2,37,2,58
833,1,38,2,69
834,2,38,2,80
835,1,39,2,NA
836,2,39,2,NA
837,1,40,2,9
838,2,40,2,20
839,1,41,2,NA
840,2,41,2,NA
841,1,42,2,1
842,2,42,2,3
843,1,43,2,NA
844,2,43,2,NA
845,1,44,2,NA
846,2,44,2,NA
847,1,45,2,15
848,2,45,2,16
849,1,46,2,1
850,2,46,2,1
851,1,47,2,NA
852,2,47,2,NA
853,1,48,2,NA
854,2,48,2,NA
855,1,49,2,3
856,2,49,2,5
857,1,50,2,NA
858,2,50,2,NA
859,1,51,2,NA
860,2,51,2,NA
861,1,52,2,NA
862,2,52,2,NA
863,1,53,2,NA
864,2,53,2,NA
865,1,54,2,NA
866,2,54,2,NA
867,1,55,2,NA
868,2,55,2,NA
869,1,56,2,NA
870,2,56,2,NA
871,1,57,2,NA
872,2,57,2,NA
873,1,58,2,NA
874,2,58,2,NA
875,1,59,2,NA
876,2,59,2,NA
877,1,60,2,NA
878,2,60,2,NA
879,1,61,2,NA
880,2,61,2,NA
881,1,62,2,NA
882,2,62,2,NA
883,1,63,2,NA
884,2,63,2,NA
885,1,64,2,NA
886,2,64,2,NA
887,1,65,2,NA
888,2,65,2,NA
889,1,66,2,NA
890,2,66,2,NA
891,1,67,2,24
892,2,67,2,46
893,1,68,2,NA
894,2,68,2,NA
895,1,69,2,3
896,2,69,2,3
897,1,70,2,NA
898,2,70,2,NA
899,1,71,2,NA
900,2,71,2,NA
901,1,72,2,NA
902,2,72,2,NA
903,1,73,2,4
904,2,73,2,4
905,1,74,2,NA
906,2,74,2,NA
907,1,75,2,NA
908,2,75,2,NA
909,1,76,2,18
910,2,76,2,21
911,1,77,2,NA
912,2,77,2,NA
913,1,78,2,1
914,2,78,2,1
915,1,79,2,1
916,2,79,2,1
917,1,80,2,21
918,2,80,2,39
919,1,81,2,3
920,2,81,2,4
921,1,82,2,NA
922,2,82,2,NA
923,1,83,2,NA
924,2,83,2,NA
925,1,84,2,NA
926,2,84,2,NA
927,1,85,2,48
928,2,85,2,68
929,1,87,2,NA
930,2,87,2,NA
931,1,88,2,0
932,2,88,2,1
933,1,89,2,NA
934,2,89,2,NA
935,1,90,2,5
936,2,90,2,5
937,1,91,2,NA
938,2,91,2,NA
939,1,92,2,NA
940,2,92,2,NA
941,1,93,2,NA
942,2,93,2,NA
943,1,94,2,NA
944,2,94,2,NA
945,1,95,2,3
946,2,95,2,3
947,1,96,2,1
948,2,96,2,1
949,1,97,2,NA
950,2,97,2,NA
951,1,98,2,0
952,2,98,2,1
953,1,99,2,4
954,2,99,2,5
955,1,100,2,NA
956,2,100,2,NA
957,1,101,2,11
958,2,101,2,16
959,1,102,2,4
960,2,102,2,6
961,1,103,2,NA
962,2,103,2,NA
963,1,104,2,NA
964,2,104,2,NA
965,1,105,2,6
966,2,105,2,6
967,1,106,2,0
968,2,106,2,1
969,1,107,2,16
970,2,107,2,26
971,1,108,2,39
972,2,108,2,104
973,1,109,2,NA
974,2,109,2,NA
975,1,110,2,NA
976,2,110,2,NA
977,1,111,2,NA
978,2,111,2,NA
979,1,112,2,NA
980,2,112,2,NA
981,1,113,2,NA
982,2,113,2,NA
983,1,114,2,11
984,2,114,2,11
985,1,115,2,1
986,2,115,2,1
987,1,116,2,NA
988,2,116,2,NA
989,1,117,2,NA
990,2,117,2,NA
991,1,118,2,4
992,2,118,2,4
993,1,119,2,1
994,2,119,2,2
995,1,120,2,NA
996,2,120,2,NA
997,1,121,2,NA
998,2,121,2,NA
999,1,122,2,NA
1000,2,122,2,NA
1001,1,123,2,NA
1002,2,123,2,NA
1003,1,124,2,NA
1004,2,124,2,NA
1005,1,125,2,NA
1006,2,125,2,NA
1007,1,126,2,NA
1008,2,126,2,NA
1009,1,127,2,NA
1010,2,127,2,NA
1011,1,128,2,NA
1012,2,128,2,NA
1013,1,129,2,NA
1014,2,129,2,NA
1015,1,130,2,NA
1016,2,130,2,NA
1017,1,131,2,NA
1018,2,131,2,NA
1019,1,132,2,NA
1020,2,132,2,NA
1021,1,133,2,0
1022,2,133,2,2
1023,1,134,2,1
1024,2,134,2,1
1025,1,135,2,NA
1026,2,135,2,NA
1027,1,136,2,NA
1028,2,136,2,NA
1029,1,137,2,NA
1030,2,137,2,NA
1031,1,138,2,15
1032,2,138,2,26
1033,1,139,2,16
1034,2,139,2,19
1035,1,140,2,NA
1036,2,140,2,NA
1037,1,141,2,0
1038,2,141,2,5
1039,1,142,2,NA
1040,2,142,2,NA
1041,1,143,2,NA
1042,2,143,2,NA
1043,1,144,2,23
1044,2,144,2,52
1045,1,145,2,NA
1046,2,145,2,NA
1047,1,146,2,3
1048,2,146,2,15
1049,1,147,2,NA
1050,2,147,2,NA
1051,1,148,2,NA
1052,2,148,2,NA
1053,1,149,2,10
1054,2,149,2,14
1055,1,150,2,1
1056,2,150,2,1
1057,1,151,2,NA
1058,2,151,2,NA
1059,1,152,2,NA
1060,2,152,2,NA
1061,1,153,2,NA
1062,2,153,2,NA
1063,1,154,2,0
1064,2,154,2,1
1065,1,155,2,NA
1066,2,155,2,NA
1067,1,156,2,NA
1068,2,156,2,NA
1069,1,157,2,NA
1070,2,157,2,NA
1071,1,158,2,NA
1072,2,158,2,NA
1073,1,159,2,NA
1074,2,159,2,NA
1075,1,160,2,NA
1076,2,160,2,NA
1077,1,161,2,NA
1078,2,161,2,NA
1079,1,162,2,NA
1080,2,162,2,NA
1081,1,163,2,NA
1082,2,163,2,NA
1083,1,164,2,NA
1084,2,164,2,NA
1085,1,165,2,NA
1086,2,165,2,NA
1087,1,166,2,NA
1088,2,166,2,NA
1089,1,167,2,NA
1090,2,167,2,NA
1091,1,168,2,NA
1092,2,168,2,NA
1093,1,169,2,NA
1094,2,169,2,NA
1095,1,170,2,NA
1096,2,170,2,NA
1097,1,171,2,7
1098,2,171,2,8
1099,1,172,2,0
1100,2,172,2,3
1101,1,173,2,NA
1102,2,173,2,NA
1103,1,174,2,NA
1104,2,174,2,NA
1105,1,175,2,9
1106,2,175,2,22
1107,1,176,2,NA
1108,2,176,2,NA
1109,1,177,2,9
1110,2,177,2,10
1111,1,178,2,1
1112,2,178,2,1
1113,1,180,2,NA
1114,2,180,2,NA
1115,1,181,2,1
1116,2,181,2,3
1117,1,182,2,NA
1118,2,182,2,NA
1119,1,183,2,14
1120,2,183,2,19
1121,1,184,2,NA
1122,2,184,2,NA
1123,1,185,2,NA
1124,2,185,2,NA
1125,1,186,2,NA
1126,2,186,2,NA
1127,1,187,2,NA
1128,2,187,2,NA
1129,1,188,2,NA
1130,2,188,2,NA
1131,1,189,2,NA
1132,2,189,2,NA
1133,1,190,2,2
1134,2,190,2,2
1135,1,191,2,3
1136,2,191,2,4
1137,1,192,2,NA
1138,2,192,2,NA
1139,1,193,2,NA
1140,2,193,2,NA
1141,1,194,2,4
1142,2,194,2,4
1143,1,195,2,NA
1144,2,195,2,NA
1145,1,196,2,NA
1146,2,196,2,NA
1147,1,197,2,NA
1148,2,197,2,NA
1149,1,198,2,4
1150,2,198,2,5
1151,1,199,2,18
1152,2,199,2,25
1153,1,200,2,NA
1154,2,200,2,NA
1155,1,201,2,NA
1156,2,201,2,NA
1157,1,202,2,NA
1158,2,202,2,NA
1159,1,203,2,3
1160,2,203,2,3
1161,1,204,2,NA
1162,2,204,2,NA
1163,1,205,2,1
1164,2,205,2,1
1165,1,206,2,NA
1166,2,206,2,NA
1167,1,207,2,NA
1168,2,207,2,NA
1169,1,208,2,NA
1170,2,208,2,NA
1171,1,209,2,NA
1172,2,209,2,NA
1173,1,210,2,NA
1174,2,210,2,NA
1175,1,211,2,NA
1176,2,211,2,NA
1177,1,212,2,26
1178,2,212,2,56
1179,1,213,2,NA
1180,2,213,2,NA
1181,1,214,2,NA
1182,2,214,2,NA
1183,1,215,2,NA
1184,2,215,2,NA
1185,1,216,2,1
1186,2,216,2,3
1187,1,217,2,NA
1188,2,217,2,NA
1189,1,218,2,6
1190,2,218,2,10
1191,1,219,2,33
1192,2,219,2,58
1193,1,220,2,NA
1194,2,220,2,NA
1195,1,221,2,NA
1196,2,221,2,NA
1197,1,222,2,11
1198,2,222,2,22
1199,1,223,2,NA
1200,2,223,2,NA
1201,1,224,2,NA
1202,2,224,2,NA
1203,1,225,2,NA
1204,2,225,2,NA
1205,1,226,2,NA
1206,2,226,2,NA
1207,1,227,2,NA
1208,2,227,2,NA
1209,1,228,2,NA
1210,2,228,2,NA
1211,1,229,2,2
1212,2,229,2,2
1213,1,230,2,NA
1214,2,230,2,NA
1215,1,231,2,0
1216,2,231,2,1
1217,1,232,2,NA
1218,2,232,2,NA
1219,1,233,2,NA
1220,2,233,2,NA
1221,1,234,2,NA
1222,2,234,2,NA
1223,1,235,2,NA
1224,2,235,2,NA
1225,1,236,2,2
1226,2,236,2,2
1227,1,237,2,NA
1228,2,237,2,NA
1229,1,238,2,NA
1230,2,238,2,NA
1231,1,239,2,NA
1232,2,239,2,NA
1233,1,240,2,NA
1234,2,240,2,NA
1235,1,241,2,NA
1236,2,241,2,NA
1237,1,242,2,NA
1238,2,242,2,NA
1239,1,243,2,NA
1240,2,243,2,NA
1241,1,244,2,16
1242,2,244,2,19
1243,1,245,2,6
1244,2,245,2,12
1245,1,246,2,NA
1246,2,246,2,NA
1247,1,247,2,NA
1248,2,247,2,NA
1249,1,248,2,1
1250,2,248,2,1
1251,1,249,2,8
1252,2,249,2,12
1253,1,250,2,NA
1254,2,250,2,NA
1255,1,251,2,NA
1256,2,251,2,NA
1257,1,252,2,NA
1258,2,252,2,NA
1259,1,253,2,8
1260,2,253,2,12
1261,1,254,2,NA
1262,2,254,2,NA
1263,1,255,2,1
1264,2,255,2,1
1265,1,256,2,NA
1266,2,256,2,NA
1267,1,257,2,NA
1268,2,257,2,NA
1269,1,258,2,2
1270,2,258,2,3
1271,1,259,2,NA
1272,2,259,2,NA
1273,1,260,2,3
1274,2,260,2,3
1275,1,261,2,NA
1276,2,261,2,NA
1277,1,262,2,NA
1278,2,262,2,NA
1279,1,263,2,NA
1280,2,263,2,NA
1281,1,264,2,NA
1282,2,264,2,NA
1283,1,265,2,NA
1284,2,265,2,NA
1285,1,266,2,NA
1286,2,266,2,NA
1287,1,267,2,NA
1288,2,267,2,NA
1289,1,268,2,NA
1290,2,268,2,NA
1291,1,269,2,NA
1292,2,269,2,NA
1293,1,270,2,NA
1294,2,270,2,NA
1295,1,271,2,0
1296,2,271,2,1
1297,1,272,2,NA
1298,2,272,2,NA
1299,1,273,2,NA
1300,2,273,2,NA
1301,1,274,2,NA
1302,2,274,2,NA
1303,1,275,2,20
1304,2,275,2,42
1305,1,276,2,NA
1306,2,276,2,NA
1307,1,277,2,2
1308,2,277,2,5
1309,1,278,2,2
1310,2,278,2,2
1311,1,279,2,9
1312,2,279,2,18
1313,1,280,2,NA
1314,2,280,2,NA
1315,1,281,2,4
1316,2,281,2,8
1317,1,282,2,1
1318,2,282,2,1
1319,1,283,2,NA
1320,2,283,2,NA
1321,1,284,2,13
1322,2,284,2,19
1323,1,285,2,NA
1324,2,285,2,NA
1325,1,286,2,2
1326,2,286,2,3
1327,1,287,2,NA
1328,2,287,2,NA
1329,1,288,2,2
1330,2,288,2,6
1331,1,289,2,NA
1332,2,289,2,NA
1333,1,290,2,NA
1334,2,290,2,NA
1335,1,291,2,NA
1336,2,291,2,NA
1337,1,292,2,NA
1338,2,292,2,NA
1339,1,293,2,NA
1340,2,293,2,NA
1341,1,295,2,NA
1342,2,295,2,NA
1343,1,296,2,10
1344,2,296,2,16
1345,1,297,2,0
1346,2,297,2,3
1347,1,298,2,NA
1348,2,298,2,NA
1349,1,299,2,1
1350,2,299,2,1
1351,1,300,2,NA
1352,2,300,2,NA
1353,1,301,2,NA
1354,2,301,2,NA
1355,1,303,2,5
1356,2,303,2,12
1357,1,304,2,0
1358,2,304,2,2
1359,1,305,2,NA
1360,2,305,2,NA
1361,1,306,2,NA
1362,2,306,2,NA
1363,1,307,2,1
1364,2,307,2,1
1365,1,308,2,5
1366,2,308,2,6
1367,1,309,2,NA
1368,2,309,2,NA
1369,1,310,2,1
1370,2,310,2,2
1371,1,311,2,NA
1372,2,311,2,NA
1373,1,312,2,NA
1374,2,312,2,NA
1375,1,313,2,NA
1376,2,313,2,NA
1377,1,314,2,2
1378,2,314,2,2
1379,1,315,2,NA
1380,2,315,2,NA
1381,1,316,2,NA
1382,2,316,2,NA
1383,1,317,2,34
1384,2,317,2,50
1385,1,318,2,NA
1386,2,318,2,NA
1387,1,319,2,7
1388,2,319,2,12
1389,1,320,2,NA
1390,2,320,2,NA
1391,1,321,2,NA
1392,2,321,2,NA
1393,1,322,2,1
1394,2,322,2,2
1395,1,323,2,NA
1396,2,323,2,NA
1397,1,324,2,22
1398,2,324,2,49
1399,1,325,2,NA
1400,2,325,2,NA
1401,1,326,2,1
1402,2,326,2,1
1403,1,327,2,3
1404,2,327,2,5
1405,1,328,2,NA
1406,2,328,2,NA
1407,1,329,2,NA
1408,2,329,2,NA
1409,1,330,2,NA
1410,2,330,2,NA
1411,1,331,2,NA
1412,2,331,2,NA
1413,1,332,2,1
1414,2,332,2,3
1415,1,333,2,NA
1416,2,333,2,NA
1417,1,334,2,1
1418,2,334,2,3
1419,1,335,2,NA
1420,2,335,2,NA
1421,1,336,2,NA
1422,2,336,2,NA
1423,1,337,2,NA
1424,2,337,2,NA
1425,1,338,2,NA
1426,2,338,2,NA
1427,1,340,2,NA
1428,2,340,2,NA
1429,1,341,2,NA
1430,2,341,2,NA
1431,1,342,2,NA
1432,2,342,2,NA
1433,1,343,2,NA
1434,2,343,2,NA
1435,1,344,2,NA
1436,2,344,2,NA
1437,1,345,2,4
1438,2,345,2,5
1439,1,346,2,1
1440,2,346,2,1
1441,1,347,2,NA
1442,2,347,2,NA
1443,1,348,2,NA
1444,2,348,2,NA
1445,1,349,2,NA
1446,2,349,2,NA
1447,1,350,2,0
1448,2,350,2,1
1449,1,351,2,1
1450,2,351,2,1
1451,1,352,2,NA
1452,2,352,2,NA
1453,1,353,2,NA
1454,2,353,2,NA
1455,1,354,2,NA
1456,2,354,2,NA
1457,1,355,2,13
1458,2,355,2,19
1459,1,356,2,1
1460,2,356,2,1
1461,1,357,2,NA
1462,2,357,2,NA
1463,1,358,2,1
1464,2,358,2,1
1465,1,359,2,NA
1466,2,359,2,NA
1467,1,360,2,NA
1468,2,360,2,NA
1469,1,361,2,NA
1470,2,361,2,NA
1471,1,362,2,NA
1472,2,362,2,NA
1473,1,363,2,NA
1474,2,363,2,NA
1475,1,364,2,NA
1476,2,364,2,NA
1477,1,365,2,NA
1478,2,365,2,NA
1479,1,366,2,NA
1480,2,366,2,NA
1481,1,367,2,NA
1482,2,367,2,NA
1483,1,368,2,NA
1484,2,368,2,NA
1485,1,369,2,NA
1486,2,369,2,NA
1487,1,370,2,NA
1488,2,370,2,NA
1489,1,371,2,NA
1490,2,371,2,NA
1491,1,372,2,NA
1492,2,372,2,NA
1493,1,373,2,NA
1494,2,373,2,NA
1495,1,374,2,NA
1496,2,374,2,NA
1497,1,375,2,NA
1498,2,375,2,NA
1499,1,376,2,NA
1500,2,376,2,NA
1501,1,377,2,NA
1502,2,377,2,NA
1503,1,378,2,NA
1504,2,378,2,NA
1505,1,379,2,NA
1506,2,379,2,NA
1507,1,380,2,NA
1508,2,380,2,NA
1509,1,381,2,NA
1510,2,381,2,NA
1511,1,382,2,NA
1512,2,382,2,NA
1513,1,0,3,1
1514,2,0,3,1
1515,1,1,3,1
1516,2,1,3,1
1517,1,2,3,NA
1518,2,2,3,NA
1519,1,3,3,NA
1520,2,3,3,NA
1521,1,4,3,NA
1522,2,4,3,NA
1523,1,5,3,12
1524,2,5,3,18
1525,1,6,3,NA
1526,2,6,3,NA
1527,1,7,3,NA
1528,2,7,3,NA
1529,1,8,3,NA
1530,2,8,3,NA
1531,1,9,3,NA
1532,2,9,3,NA
1533,1,10,3,NA
1534,2,10,3,NA
1535,1,11,3,1
1536,2,11,3,2
1537,1,12,3,NA
1538,2,12,3,NA
1539,1,13,3,NA
1540,2,13,3,NA
1541,1,14,3,NA
1542,2,14,3,NA
1543,1,15,3,NA
1544,2,15,3,NA
1545,1,16,3,8
1546,2,16,3,8
1547,1,17,3,NA
1548,2,17,3,NA
1549,1,18,3,1
1550,2,18,3,2
1551,1,19,3,0
1552,2,19,3,3
1553,1,20,3,NA
1554,2,20,3,NA
1555,1,21,3,NA
1556,2,21,3,NA
1557,1,22,3,NA
1558,2,22,3,NA
1559,1,23,3,NA
1560,2,23,3,NA
1561,1,24,3,1
1562,2,24,3,1
1563,1,25,3,NA
1564,2,25,3,NA
1565,1,26,3,1
1566,2,26,3,1
1567,1,27,3,NA
1568,2,27,3,NA
1569,1,28,3,NA
1570,2,28,3,NA
1571,1,29,3,NA
1572,2,29,3,NA
1573,1,30,3,NA
1574,2,30,3,NA
1575,1,31,3,NA
1576,2,31,3,NA
1577,1,32,3,1
1578,2,32,3,3
1579,1,33,3,NA
1580,2,33,3,NA
1581,1,34,3,NA
1582,2,34,3,NA
1583,1,35,3,2
1584,2,35,3,2
1585,1,36,3,NA
1586,2,36,3,NA
1587,1,37,3,NA
1588,2,37,3,NA
1589,1,38,3,28
1590,2,38,3,31
1591,1,39,3,NA
1592,2,39,3,NA
1593,1,40,3,NA
1594,2,40,3,NA
1595,1,41,3,NA
1596,2,41,3,NA
1597,1,42,3,9
1598,2,42,3,10
1599,1,43,3,NA
1600,2,43,3,NA
1601,1,44,3,NA
1602,2,44,3,NA
1603,1,45,3,5
1604,2,45,3,6
1605,1,46,3,NA
1606,2,46,3,NA
1607,1,47,3,NA
1608,2,47,3,NA
1609,1,48,3,1
1610,2,48,3,1
1611,1,49,3,4
1612,2,49,3,5
1613,1,50,3,NA
1614,2,50,3,NA
1615,1,51,3,NA
1616,2,51,3,NA
1617,1,52,3,NA
1618,2,52,3,NA
1619,1,53,3,NA
1620,2,53,3,NA
1621,1,54,3,0
1622,2,54,3,1
1623,1,55,3,NA
1624,2,55,3,NA
1625,1,56,3,NA
1626,2,56,3,NA
1627,1,57,3,0
1628,2,57,3,1
1629,1,58,3,NA
1630,2,58,3,NA
1631,1,59,3,1
1632,2,59,3,1
1633,1,60,3,NA
1634,2,60,3,NA
1635,1,61,3,NA
1636,2,61,3,NA
1637,1,62,3,NA
1638,2,62,3,NA
1639,1,63,3,NA
1640,2,63,3,NA
1641,1,64,3,NA
1642,2,64,3,NA
1643,1,65,3,4
1644,2,65,3,6
1645,1,66,3,NA
1646,2,66,3,NA
1647,1,67,3,NA
1648,2,67,3,NA
1649,1,68,3,13
1650,2,68,3,14
1651,1,69,3,2
1652,2,69,3,3
1653,1,70,3,NA
1654,2,70,3,NA
1655,1,71,3,NA
1656,2,71,3,NA
1657,1,72,3,1
1658,2,72,3,1
1659,1,73,3,NA
1660,2,73,3,NA
1661,1,74,3,8
1662,2,74,3,17
1663,1,75,3,NA
1664,2,75,3,NA
1665,1,76,3,NA
1666,2,76,3,NA
1667,1,77,3,NA
1668,2,77,3,NA
1669,1,78,3,2
1670,2,78,3,7
1671,1,79,3,1
1672,2,79,3,3
1673,1,80,3,0
1674,2,80,3,1
1675,1,81,3,NA
1676,2,81,3,NA
1677,1,82,3,NA
1678,2,82,3,NA
1679,1,83,3,NA
1680,2,83,3,NA
1681,1,84,3,2
1682,2,84,3,5
1683,1,85,3,NA
1684,2,85,3,NA
1685,1,87,3,NA
1686,2,87,3,NA
1687,1,88,3,NA
1688,2,88,3,NA
1689,1,89,3,NA
1690,2,89,3,NA
1691,1,90,3,NA
1692,2,90,3,NA
1693,1,91,3,NA
1694,2,91,3,NA
1695,1,92,3,NA
1696,2,92,3,NA
1697,1,93,3,NA
1698,2,93,3,NA
1699,1,94,3,NA
1700,2,94,3,NA
1701,1,95,3,NA
1702,2,95,3,NA
1703,1,96,3,11
1704,2,96,3,14
1705,1,97,3,NA
1706,2,97,3,NA
1707,1,98,3,NA
1708,2,98,3,NA
1709,1,99,3,NA
1710,2,99,3,NA
1711,1,100,3,NA
1712,2,100,3,NA
1713,1,101,3,NA
1714,2,101,3,NA
1715,1,102,3,NA
1716,2,102,3,NA
1717,1,103,3,2
1718,2,103,3,5
1719,1,104,3,4
1720,2,104,3,9
1721,1,105,3,NA
1722,2,105,3,NA
1723,1,106,3,NA
1724,2,106,3,NA
1725,1,107,3,NA
1726,2,107,3,NA
1727,1,108,3,NA
1728,2,108,3,NA
1729,1,109,3,4
1730,2,109,3,29
1731,1,110,3,NA
1732,2,110,3,NA
1733,1,111,3,NA
1734,2,111,3,NA
1735,1,112,3,NA
1736,2,112,3,NA
1737,1,113,3,4
1738,2,113,3,5
1739,1,114,3,NA
1740,2,114,3,NA
1741,1,115,3,NA
1742,2,115,3,NA
1743,1,116,3,1
1744,2,116,3,1
1745,1,117,3,NA
1746,2,117,3,NA
1747,1,118,3,NA
1748,2,118,3,NA
1749,1,119,3,NA
1750,2,119,3,NA
1751,1,120,3,5
1752,2,120,3,8
1753,1,121,3,NA
1754,2,121,3,NA
1755,1,122,3,1
1756,2,122,3,6
1757,1,123,3,0
1758,2,123,3,2
1759,1,124,3,NA
1760,2,124,3,NA
1761,1,125,3,NA
1762,2,125,3,NA
1763,1,126,3,NA
1764,2,126,3,NA
1765,1,127,3,NA
1766,2,127,3,NA
1767,1,128,3,NA
1768,2,128,3,NA
1769,1,129,3,3
1770,2,129,3,7
1771,1,130,3,0
1772,2,130,3,1
1773,1,131,3,3
1774,2,131,3,6
1775,1,132,3,4
1776,2,132,3,4
1777,1,133,3,1
1778,2,133,3,2
1779,1,134,3,NA
1780,2,134,3,NA
1781,1,135,3,1
1782,2,135,3,1
1783,1,136,3,NA
1784,2,136,3,NA
1785,1,137,3,NA
1786,2,137,3,NA
1787,1,138,3,NA
1788,2,138,3,NA
1789,1,139,3,0
1790,2,139,3,1
1791,1,140,3,1
1792,2,140,3,2
1793,1,141,3,3
1794,2,141,3,4
1795,1,142,3,37
1796,2,142,3,64
1797,1,143,3,NA
1798,2,143,3,NA
1799,1,144,3,NA
1800,2,144,3,NA
1801,1,145,3,NA
1802,2,145,3,NA
1803,1,146,3,1
1804,2,146,3,2
1805,1,147,3,0
1806,2,147,3,1
1807,1,148,3,2
1808,2,148,3,2
1809,1,149,3,NA
1810,2,149,3,NA
1811,1,150,3,NA
1812,2,150,3,NA
1813,1,151,3,12
1814,2,151,3,21
1815,1,152,3,NA
1816,2,152,3,NA
1817,1,153,3,6
1818,2,153,3,13
1819,1,154,3,NA
1820,2,154,3,NA
1821,1,155,3,NA
1822,2,155,3,NA
1823,1,156,3,NA
1824,2,156,3,NA
1825,1,157,3,NA
1826,2,157,3,NA
1827,1,158,3,NA
1828,2,158,3,NA
1829,1,159,3,5
1830,2,159,3,7
1831,1,160,3,NA
1832,2,160,3,NA
1833,1,161,3,NA
1834,2,161,3,NA
1835,1,162,3,NA
1836,2,162,3,NA
1837,1,163,3,NA
1838,2,163,3,NA
1839,1,164,3,NA
1840,2,164,3,NA
1841,1,165,3,NA
1842,2,165,3,NA
1843,1,166,3,NA
1844,2,166,3,NA
1845,1,167,3,NA
1846,2,167,3,NA
1847,1,168,3,NA
1848,2,168,3,NA
1849,1,169,3,1
1850,2,169,3,2
1851,1,170,3,NA
1852,2,170,3,NA
1853,1,171,3,NA
1854,2,171,3,NA
1855,1,172,3,0
1856,2,172,3,1
1857,1,173,3,NA
1858,2,173,3,NA
1859,1,174,3,1
1860,2,174,3,1
1861,1,175,3,NA
1862,2,175,3,NA
1863,1,176,3,0
1864,2,176,3,1
1865,1,177,3,NA
1866,2,177,3,NA
1867,1,178,3,NA
1868,2,178,3,NA
1869,1,180,3,1
1870,2,180,3,1
1871,1,181,3,NA
1872,2,181,3,NA
1873,1,182,3,NA
1874,2,182,3,NA
1875,1,183,3,NA
1876,2,183,3,NA
1877,1,184,3,NA
1878,2,184,3,NA
1879,1,185,3,NA
1880,2,185,3,NA
1881,1,186,3,NA
1882,2,186,3,NA
1883,1,187,3,NA
1884,2,187,3,NA
1885,1,188,3,NA
1886,2,188,3,NA
1887,1,189,3,NA
1888,2,189,3,NA
1889,1,190,3,NA
1890,2,190,3,NA
1891,1,191,3,NA
1892,2,191,3,NA
1893,1,192,3,NA
1894,2,192,3,NA
1895,1,193,3,NA
1896,2,193,3,NA
1897,1,194,3,NA
1898,2,194,3,NA
1899,1,195,3,NA
1900,2,195,3,NA
1901,1,196,3,NA
1902,2,196,3,NA
1903,1,197,3,NA
1904,2,197,3,NA
1905,1,198,3,NA
1906,2,198,3,NA
1907,1,199,3,NA
1908,2,199,3,NA
1909,1,200,3,1
1910,2,200,3,1
1911,1,201,3,NA
1912,2,201,3,NA
1913,1,202,3,NA
1914,2,202,3,NA
1915,1,203,3,NA
1916,2,203,3,NA
1917,1,204,3,NA
1918,2,204,3,NA
1919,1,205,3,NA
1920,2,205,3,NA
1921,1,206,3,1
1922,2,206,3,1
1923,1,207,3,9
1924,2,207,3,13
1925,1,208,3,NA
1926,2,208,3,NA
1927,1,209,3,NA
1928,2,209,3,NA
1929,1,210,3,8
1930,2,210,3,10
1931,1,211,3,10
1932,2,211,3,18
1933,1,212,3,NA
1934,2,212,3,NA
1935,1,213,3,5
1936,2,213,3,10
1937,1,214,3,NA
1938,2,214,3,NA
1939,1,215,3,16
1940,2,215,3,19
1941,1,216,3,NA
1942,2,216,3,NA
1943,1,217,3,2
1944,2,217,3,4
1945,1,218,3,NA
1946,2,218,3,NA
1947,1,219,3,1
1948,2,219,3,1
1949,1,220,3,3
1950,2,220,3,4
1951,1,221,3,NA
1952,2,221,3,NA
1953,1,222,3,NA
1954,2,222,3,NA
1955,1,223,3,NA
1956,2,223,3,NA
1957,1,224,3,26
1958,2,224,3,37
1959,1,225,3,0
1960,2,225,3,5
1961,1,226,3,6
1962,2,226,3,12
1963,1,227,3,NA
1964,2,227,3,NA
1965,1,228,3,2
1966,2,228,3,2
1967,1,229,3,NA
1968,2,229,3,NA
1969,1,230,3,1
1970,2,230,3,1
1971,1,231,3,NA
1972,2,231,3,NA
1973,1,232,3,2
1974,2,232,3,2
1975,1,233,3,NA
1976,2,233,3,NA
1977,1,234,3,NA
1978,2,234,3,NA
1979,1,235,3,NA
1980,2,235,3,NA
1981,1,236,3,5
1982,2,236,3,6
1983,1,237,3,2
1984,2,237,3,2
1985,1,238,3,NA
1986,2,238,3,NA
1987,1,239,3,NA
1988,2,239,3,NA
1989,1,240,3,NA
1990,2,240,3,NA
1991,1,241,3,NA
1992,2,241,3,NA
1993,1,242,3,NA
1994,2,242,3,NA
1995,1,243,3,1
1996,2,243,3,1
1997,1,244,3,1
1998,2,244,3,2
1999,1,245,3,NA
2000,2,245,3,NA
2001,1,246,3,NA
2002,2,246,3,NA
2003,1,247,3,9
2004,2,247,3,23
2005,1,248,3,0
2006,2,248,3,1
2007,1,249,3,NA
2008,2,249,3,NA
2009,1,250,3,NA
2010,2,250,3,NA
2011,1,251,3,NA
2012,2,251,3,NA
2013,1,252,3,NA
2014,2,252,3,NA
2015,1,253,3,NA
2016,2,253,3,NA
2017,1,254,3,NA
2018,2,254,3,NA
2019,1,255,3,3
2020,2,255,3,4
2021,1,256,3,8
2022,2,256,3,15
2023,1,257,3,NA
2024,2,257,3,NA
2025,1,258,3,NA
2026,2,258,3,NA
2027,1,259,3,NA
2028,2,259,3,NA
2029,1,260,3,NA
2030,2,260,3,NA
2031,1,261,3,NA
2032,2,261,3,NA
2033,1,262,3,NA
2034,2,262,3,NA
2035,1,263,3,3
2036,2,263,3,3
2037,1,264,3,NA
2038,2,264,3,NA
2039,1,265,3,NA
2040,2,265,3,NA
2041,1,266,3,NA
2042,2,266,3,NA
2043,1,267,3,NA
2044,2,267,3,NA
2045,1,268,3,NA
2046,2,268,3,NA
2047,1,269,3,NA
2048,2,269,3,NA
2049,1,270,3,NA
2050,2,270,3,NA
2051,1,271,3,NA
2052,2,271,3,NA
2053,1,272,3,NA
2054,2,272,3,NA
2055,1,273,3,4
2056,2,273,3,11
2057,1,274,3,NA
2058,2,274,3,NA
2059,1,275,3,NA
2060,2,275,3,NA
2061,1,276,3,NA
2062,2,276,3,NA
2063,1,277,3,NA
2064,2,277,3,NA
2065,1,278,3,NA
2066,2,278,3,NA
2067,1,279,3,NA
2068,2,279,3,NA
2069,1,280,3,NA
2070,2,280,3,NA
2071,1,281,3,NA
2072,2,281,3,NA
2073,1,282,3,NA
2074,2,282,3,NA
2075,1,283,3,NA
2076,2,283,3,NA
2077,1,284,3,NA
2078,2,284,3,NA
2079,1,285,3,NA
2080,2,285,3,NA
2081,1,286,3,NA
2082,2,286,3,NA
2083,1,287,3,NA
2084,2,287,3,NA
2085,1,288,3,NA
2086,2,288,3,NA
2087,1,289,3,NA
2088,2,289,3,NA
2089,1,290,3,NA
2090,2,290,3,NA
2091,1,291,3,NA
2092,2,291,3,NA
2093,1,292,3,NA
2094,2,292,3,NA
2095,1,293,3,NA
2096,2,293,3,NA
2097,1,295,3,NA
2098,2,295,3,NA
2099,1,296,3,NA
2100,2,296,3,NA
2101,1,297,3,NA
2102,2,297,3,NA
2103,1,298,3,NA
2104,2,298,3,NA
2105,1,299,3,NA
2106,2,299,3,NA
2107,1,300,3,NA
2108,2,300,3,NA
2109,1,301,3,NA
2110,2,301,3,NA
2111,1,303,3,NA
2112,2,303,3,NA
2113,1,304,3,NA
2114,2,304,3,NA
2115,1,305,3,NA
2116,2,305,3,NA
2117,1,306,3,NA
2118,2,306,3,NA
2119,1,307,3,NA
2120,2,307,3,NA
2121,1,308,3,NA
2122,2,308,3,NA
2123,1,309,3,NA
2124,2,309,3,NA
2125,1,310,3,NA
2126,2,310,3,NA
2127,1,311,3,NA
2128,2,311,3,NA
2129,1,312,3,NA
2130,2,312,3,NA
2131,1,313,3,NA
2132,2,313,3,NA
2133,1,314,3,NA
2134,2,314,3,NA
2135,1,315,3,NA
2136,2,315,3,NA
2137,1,316,3,NA
2138,2,316,3,NA
2139,1,317,3,NA
2140,2,317,3,NA
2141,1,318,3,NA
2142,2,318,3,NA
2143,1,319,3,NA
2144,2,319,3,NA
2145,1,320,3,NA
2146,2,320,3,NA
2147,1,321,3,NA
2148,2,321,3,NA
2149,1,322,3,NA
2150,2,322,3,NA
2151,1,323,3,NA
2152,2,323,3,NA
2153,1,324,3,NA
2154,2,324,3,NA
2155,1,325,3,NA
2156,2,325,3,NA
2157,1,326,3,NA
2158,2,326,3,NA
2159,1,327,3,NA
2160,2,327,3,NA
2161,1,328,3,NA
2162,2,328,3,NA
2163,1,329,3,NA
2164,2,329,3,NA
2165,1,330,3,NA
2166,2,330,3,NA
2167,1,331,3,NA
2168,2,331,3,NA
2169,1,332,3,NA
2170,2,332,3,NA
2171,1,333,3,NA
2172,2,333,3,NA
2173,1,334,3,NA
2174,2,334,3,NA
2175,1,335,3,NA
2176,2,335,3,NA
2177,1,336,3,NA
2178,2,336,3,NA
2179,1,337,3,NA
2180,2,337,3,NA
2181,1,338,3,NA
2182,2,338,3,NA
2183,1,340,3,NA
2184,2,340,3,NA
2185,1,341,3,NA
2186,2,341,3,NA
2187,1,342,3,NA
2188,2,342,3,NA
2189,1,343,3,NA
2190,2,343,3,NA
2191,1,344,3,NA
2192,2,344,3,NA
2193,1,345,3,NA
2194,2,345,3,NA
2195,1,346,3,NA
2196,2,346,3,NA
2197,1,347,3,NA
2198,2,347,3,NA
2199,1,348,3,NA
2200,2,348,3,NA
2201,1,349,3,NA
2202,2,349,3,NA
2203,1,350,3,NA
2204,2,350,3,NA
2205,1,351,3,NA
2206,2,351,3,NA
2207,1,352,3,NA
2208,2,352,3,NA
2209,1,353,3,NA
2210,2,353,3,NA
2211,1,354,3,NA
2212,2,354,3,NA
2213,1,355,3,NA
2214,2,355,3,NA
2215,1,356,3,NA
2216,2,356,3,NA
2217,1,357,3,NA
2218,2,357,3,NA
2219,1,358,3,NA
2220,2,358,3,NA
2221,1,359,3,NA
2222,2,359,3,NA
2223,1,360,3,NA
2224,2,360,3,NA
2225,1,361,3,NA
2226,2,361,3,NA
2227,1,362,3,NA
2228,2,362,3,NA
2229,1,363,3,NA
2230,2,363,3,NA
2231,1,364,3,NA
2232,2,364,3,NA
2233,1,365,3,NA
2234,2,365,3,NA
2235,1,366,3,NA
2236,2,366,3,NA
2237,1,367,3,NA
2238,2,367,3,NA
2239,1,368,3,NA
2240,2,368,3,NA
2241,1,369,3,18
2242,2,369,3,21
2243,1,370,3,NA
2244,2,370,3,NA
2245,1,371,3,NA
2246,2,371,3,NA
2247,1,372,3,NA
2248,2,372,3,NA
2249,1,373,3,NA
2250,2,373,3,NA
2251,1,374,3,NA
2252,2,374,3,NA
2253,1,375,3,NA
2254,2,375,3,NA
2255,1,376,3,NA
2256,2,376,3,NA
2257,1,377,3,NA
2258,2,377,3,NA
2259,1,378,3,NA
2260,2,378,3,NA
2261,1,379,3,NA
2262,2,379,3,NA
2263,1,380,3,NA
2264,2,380,3,NA
2265,1,381,3,NA
2266,2,381,3,NA
2267,1,382,3,NA
2268,2,382,3,NA
